Date,maxtemp,pred_maxtemp,class_true,class_pred
2017-04-02,24.0,23.37,baja,baja
2017-04-03,24.0,23.71,baja,baja
2017-04-04,27.0,26.89,baja,baja
2017-04-05,31.0,31.93,mediana,mediana
2017-04-06,30.0,30.33,baja,mediana
2017-04-07,31.0,31.11,mediana,mediana
2017-04-08,27.0,27.85,baja,baja
2017-04-09,36.0,35.64,alta,alta
2017-04-10,34.0,34.12,mediana,alta
2017-04-11,31.0,31.93,mediana,mediana
2017-04-12,33.0,33.34,mediana,mediana
2017-04-13,36.0,35.62,alta,alta
2017-04-14,33.0,33.1,mediana,mediana
2017-04-15,31.0,31.29,mediana,mediana
2017-04-16,34.0,33.89,mediana,mediana
2017-04-17,33.0,33.14,mediana,mediana
2017-04-18,36.0,35.78,alta,alta
2017-04-19,37.0,36.19,alta,alta
2017-04-20,35.0,34.12,alta,alta
2017-04-21,36.0,35.87,alta,alta
2017-04-22,34.0,33.93,mediana,mediana
2017-04-23,30.0,31.77,baja,mediana
2017-04-24,23.0,24.38,baja,baja
2017-04-25,25.0,23.2,baja,baja
2017-04-26,28.0,27.54,baja,baja
2017-04-27,24.0,24.85,baja,baja
2017-04-28,22.0,22.15,baja,baja
2017-04-29,24.0,23.44,baja,baja
2017-04-30,25.0,25.09,baja,baja
2017-05-01,28.0,28.28,baja,baja
2017-05-02,29.0,28.97,baja,baja
2017-05-03,28.0,30.9,baja,mediana
2017-05-04,27.0,26.27,baja,baja
2017-05-05,33.0,33.42,mediana,mediana
2017-05-06,30.0,30.53,baja,mediana
2017-05-07,26.0,27.69,baja,baja
2017-05-08,29.0,29.6,baja,baja
2017-05-09,35.0,35.11,alta,alta
2017-05-10,31.0,31.28,mediana,mediana
2017-05-11,36.0,35.72,alta,alta
2017-05-12,31.0,31.72,mediana,mediana
2017-05-13,36.0,35.58,alta,alta
2017-05-14,35.0,34.79,alta,alta
2017-05-15,34.0,33.77,mediana,mediana
2017-05-16,34.0,34.47,mediana,alta
2017-05-17,35.0,34.86,alta,alta
2017-05-18,32.0,32.51,mediana,mediana
2017-05-19,32.0,32.46,mediana,mediana
2017-05-20,33.0,34.39,mediana,alta
2017-05-21,35.0,32.35,alta,mediana
2017-05-22,35.0,33.82,alta,mediana
2017-05-23,35.0,34.67,alta,alta
2017-05-24,34.0,33.99,mediana,mediana
2017-05-25,36.0,34.7,alta,alta
2017-05-26,36.0,36.01,alta,alta
2017-05-27,37.0,36.55,alta,alta
2017-05-28,34.0,32.92,mediana,mediana
2017-05-29,34.0,33.27,mediana,mediana
2017-05-30,37.0,37.23,alta,alta
2017-05-31,33.0,33.7,mediana,mediana
2017-06-01,37.0,36.16,alta,alta
2017-06-02,35.0,34.45,alta,alta
2017-06-03,34.0,34.63,mediana,alta
2017-06-04,35.0,35.47,alta,alta
2017-06-05,22.0,24.31,baja,baja
2017-06-06,23.0,24.06,baja,baja
2017-06-07,27.0,26.55,baja,baja
2017-06-08,24.0,22.56,baja,baja
2017-06-09,22.0,22.19,baja,baja
2017-06-10,22.0,22.37,baja,baja
2017-06-11,26.0,23.48,baja,baja
2017-06-12,28.0,27.75,baja,baja
2017-06-13,30.0,29.63,baja,baja
2017-06-14,29.0,28.54,baja,baja
2017-06-15,27.0,27.05,baja,baja
2017-06-16,32.0,32.34,mediana,mediana
2017-06-17,30.0,31.24,baja,mediana
2017-06-18,26.0,27.24,baja,baja
2017-06-19,30.0,30.53,baja,mediana
2017-06-20,35.0,35.07,alta,alta
2017-06-21,28.0,29.07,baja,baja
2017-06-22,36.0,33.84,alta,mediana
2017-06-23,32.0,32.13,mediana,mediana
2017-06-24,35.0,35.21,alta,alta
2017-06-25,33.0,32.7,mediana,mediana
2017-06-26,32.0,32.04,mediana,mediana
2017-06-27,32.0,33.4,mediana,mediana
2017-06-28,33.0,32.79,mediana,mediana
2017-06-29,29.0,29.3,baja,baja
2017-06-30,33.0,32.89,mediana,mediana
2017-07-01,35.0,34.64,alta,alta
2017-07-02,32.0,31.66,mediana,mediana
2017-07-03,35.0,34.25,alta,alta
2017-07-04,33.0,32.9,mediana,mediana
2017-07-05,33.0,33.59,mediana,mediana
2017-07-06,36.0,35.31,alta,alta
2017-07-07,37.0,37.22,alta,alta
2017-07-08,36.0,35.31,alta,alta
2017-07-09,35.0,34.56,alta,alta
2017-07-10,32.0,31.38,mediana,mediana
2017-07-11,38.0,37.41,alta,alta
2017-07-12,37.0,35.05,alta,alta
2017-07-13,37.0,36.65,alta,alta
2017-07-14,36.0,36.17,alta,alta
2017-07-15,34.0,34.88,mediana,alta
2017-07-16,35.0,34.77,alta,alta
2017-07-17,28.0,27.92,baja,baja
2017-07-18,24.0,26.7,baja,baja
2017-07-19,24.0,25.07,baja,baja
2017-07-20,27.0,26.45,baja,baja
2017-07-21,23.0,23.61,baja,baja
2017-07-22,19.0,19.72,baja,baja
2017-07-23,22.0,22.52,baja,baja
2017-07-24,26.0,25.78,baja,baja
2017-07-25,28.0,27.89,baja,baja
2017-07-26,29.0,29.49,baja,baja
2017-07-27,29.0,27.94,baja,baja
2017-07-28,27.0,27.08,baja,baja
2017-07-29,32.0,32.31,mediana,mediana
2017-07-30,30.0,29.86,baja,baja
2017-07-31,30.0,30.72,baja,mediana
2017-08-01,31.0,30.6,mediana,mediana
2017-08-02,35.0,34.97,alta,alta
2017-08-03,29.0,30.75,baja,mediana
2017-08-04,35.0,34.77,alta,alta
2017-08-05,33.0,32.89,mediana,mediana
2017-08-06,33.0,32.94,mediana,mediana
2017-08-07,33.0,33.18,mediana,mediana
2017-08-08,33.0,33.42,mediana,mediana
2017-08-09,32.0,32.42,mediana,mediana
2017-08-10,36.0,35.11,alta,alta
2017-08-11,32.0,32.32,mediana,mediana
2017-08-12,31.0,31.6,mediana,mediana
2017-08-13,33.0,32.74,mediana,mediana
2017-08-14,35.0,34.22,alta,alta
2017-08-15,32.0,32.71,mediana,mediana
2017-08-16,32.0,31.84,mediana,mediana
2017-08-17,31.0,32.46,mediana,mediana
2017-08-18,27.0,28.9,baja,baja
2017-08-19,38.0,37.04,alta,alta
2017-08-20,36.0,35.94,alta,alta
2017-08-21,37.0,36.32,alta,alta
2017-08-22,27.0,28.98,baja,baja
2017-08-23,38.0,37.62,alta,alta
2017-08-24,35.0,34.93,alta,alta
2017-08-25,37.0,36.92,alta,alta
2017-08-26,36.0,35.81,alta,alta
2017-08-27,33.0,33.44,mediana,mediana
2017-08-28,37.0,36.55,alta,alta
2017-08-29,27.0,27.34,baja,baja
2017-08-30,24.0,25.93,baja,baja
2017-08-31,33.0,32.5,mediana,mediana
2017-09-01,25.0,25.3,baja,baja
2017-09-02,22.0,23.7,baja,baja
2017-09-03,27.0,25.94,baja,baja
2017-09-04,23.0,24.5,baja,baja
2017-09-05,18.0,19.15,baja,baja
2017-09-06,23.0,23.08,baja,baja
2017-09-07,26.0,25.27,baja,baja
2017-09-08,27.0,26.94,baja,baja
2017-09-09,29.0,29.16,baja,baja
2017-09-10,27.0,27.57,baja,baja
2017-09-11,29.0,28.03,baja,baja
2017-09-12,33.0,33.47,mediana,mediana
2017-09-13,29.0,29.61,baja,baja
2017-09-14,31.0,30.71,mediana,mediana
2017-09-15,31.0,30.85,mediana,mediana
2017-09-16,35.0,34.88,alta,alta
2017-09-17,29.0,31.63,baja,mediana
2017-09-18,33.0,33.18,mediana,mediana
2017-09-19,34.0,33.86,mediana,mediana
2017-09-20,29.0,30.1,baja,mediana
2017-09-21,33.0,33.0,mediana,mediana
2017-09-22,32.0,32.19,mediana,mediana
2017-09-23,32.0,31.09,mediana,mediana
2017-09-24,35.0,34.82,alta,alta
2017-09-25,32.0,32.49,mediana,mediana
2017-09-26,30.0,31.32,baja,mediana
2017-09-27,32.0,32.47,mediana,mediana
2017-09-28,32.0,31.63,mediana,mediana
2017-09-29,35.0,35.47,alta,alta
2017-09-30,31.0,32.17,mediana,mediana
2017-10-01,32.0,32.89,mediana,mediana
2017-10-02,34.0,33.71,mediana,mediana
2017-10-03,37.0,37.78,alta,alta
2017-10-04,36.0,36.04,alta,alta
2017-10-05,35.0,34.96,alta,alta
2017-10-06,29.0,29.61,baja,baja
2017-10-07,38.0,37.53,alta,alta
2017-10-08,34.0,34.25,mediana,alta
2017-10-09,37.0,36.24,alta,alta
2017-10-10,36.0,36.11,alta,alta
2017-10-11,33.0,32.07,mediana,mediana
2017-10-12,37.0,36.63,alta,alta
2017-10-13,26.0,26.53,baja,baja
2017-10-14,27.0,26.76,baja,baja
2017-10-15,33.0,29.7,mediana,baja
2017-10-16,23.0,24.49,baja,baja
2017-10-17,26.0,25.42,baja,baja
2017-10-18,24.0,24.92,baja,baja
2017-10-19,23.0,24.08,baja,baja
2017-10-20,17.0,18.75,baja,baja
2017-10-21,23.0,23.01,baja,baja
2017-10-22,25.0,24.57,baja,baja
2017-10-23,25.0,25.74,baja,baja
2017-10-24,29.0,29.22,baja,baja
2017-10-25,29.0,28.66,baja,baja
2017-10-26,27.0,26.76,baja,baja
2017-10-27,33.0,31.85,mediana,mediana
2017-10-28,26.0,27.99,baja,baja
2017-10-29,32.0,30.13,mediana,mediana
2017-10-30,32.0,31.47,mediana,mediana
2017-10-31,33.0,33.41,mediana,mediana
2017-11-01,30.0,29.48,baja,baja
2017-11-02,34.0,33.94,mediana,mediana
2017-11-03,36.0,35.73,alta,alta
2017-11-04,30.0,29.58,baja,baja
2017-11-05,32.0,32.13,mediana,mediana
2017-11-06,34.0,33.33,mediana,mediana
2017-11-07,34.0,33.9,mediana,mediana
2017-11-08,36.0,34.94,alta,alta
2017-11-09,31.0,32.76,mediana,mediana
2017-11-10,27.0,28.09,baja,baja
2017-11-11,33.0,33.64,mediana,mediana
2017-11-12,36.0,35.28,alta,alta
2017-11-13,36.0,35.88,alta,alta
2017-11-14,31.0,30.0,mediana,baja
2017-11-15,33.0,33.03,mediana,mediana
2017-11-16,33.0,33.4,mediana,mediana
2017-11-17,36.0,35.46,alta,alta
2017-11-18,36.0,35.82,alta,alta
2017-11-19,37.0,35.18,alta,alta
2017-11-20,32.0,31.9,mediana,mediana
2017-11-21,36.0,34.82,alta,alta
2017-11-22,36.0,35.5,alta,alta
2017-11-23,38.0,37.56,alta,alta
2017-11-24,35.0,33.8,alta,mediana
2017-11-25,35.0,33.34,alta,mediana
2017-11-26,35.0,34.66,alta,alta
2017-11-27,26.0,26.53,baja,baja
2017-11-28,24.0,28.31,baja,baja
2017-11-29,34.0,33.91,mediana,mediana
2017-11-30,24.0,24.07,baja,baja
2017-12-01,29.0,27.64,baja,baja
2017-12-02,27.0,25.21,baja,baja
2017-12-03,24.0,24.43,baja,baja
2017-12-04,28.0,26.68,baja,baja
2017-12-05,24.0,25.72,baja,baja
2017-12-06,25.0,25.41,baja,baja
2017-12-07,27.0,26.74,baja,baja
2017-12-08,29.0,28.81,baja,baja
2017-12-09,28.0,27.94,baja,baja
2017-12-10,27.0,26.98,baja,baja
2017-12-11,32.0,32.66,mediana,mediana
2017-12-12,24.0,26.27,baja,baja
2017-12-13,33.0,31.67,mediana,mediana
2017-12-14,32.0,31.65,mediana,mediana
2017-12-15,32.0,32.83,mediana,mediana
2017-12-16,26.0,27.15,baja,baja
2017-12-17,36.0,35.23,alta,alta
2017-12-18,35.0,35.25,alta,alta
2017-12-19,35.0,34.08,alta,alta
2017-12-20,30.0,30.81,baja,mediana
2017-12-21,33.0,33.07,mediana,mediana
2017-12-22,35.0,34.54,alta,alta
2017-12-23,35.0,33.81,alta,mediana
2017-12-24,34.0,33.66,mediana,mediana
2017-12-25,32.0,31.73,mediana,mediana
2017-12-26,30.0,30.16,baja,mediana
2017-12-27,36.0,36.43,alta,alta
2017-12-28,37.0,36.28,alta,alta
2017-12-29,28.0,29.55,baja,baja
2017-12-30,33.0,32.88,mediana,mediana
2017-12-31,33.0,33.35,mediana,mediana
2018-01-01,33.0,34.24,mediana,alta
2018-01-02,35.0,34.56,alta,alta
2018-01-03,37.0,37.24,alta,alta
2018-01-04,34.0,34.19,mediana,alta
2018-01-05,36.0,36.42,alta,alta
2018-01-06,37.0,36.29,alta,alta
2018-01-07,37.0,37.09,alta,alta
2018-01-08,34.0,33.8,mediana,mediana
2018-01-09,36.0,35.58,alta,alta
2018-01-10,35.0,34.13,alta,alta
2018-01-11,21.0,23.01,baja,baja
2018-01-12,25.0,25.35,baja,baja
2018-01-13,36.0,34.48,alta,alta
2018-01-14,22.0,22.53,baja,baja
2018-01-15,29.0,27.81,baja,baja
2018-01-16,27.0,28.63,baja,baja
2018-01-17,24.0,24.28,baja,baja
2018-01-18,22.0,22.49,baja,baja
2018-01-19,24.0,24.73,baja,baja
2018-01-20,26.0,25.92,baja,baja
2018-01-21,25.0,25.67,baja,baja
2018-01-22,28.0,28.38,baja,baja
2018-01-23,28.0,27.71,baja,baja
2018-01-24,27.0,27.48,baja,baja
2018-01-25,30.0,30.25,baja,mediana
2018-01-26,23.0,24.09,baja,baja
2018-01-27,32.0,31.89,mediana,mediana
2018-01-28,34.0,34.14,mediana,alta
2018-01-29,33.0,33.31,mediana,mediana
2018-01-30,30.0,32.57,baja,mediana
2018-01-31,36.0,35.32,alta,alta
2018-02-01,36.0,35.46,alta,alta
2018-02-02,35.0,32.7,alta,mediana
2018-02-03,29.0,30.32,baja,mediana
2018-02-04,33.0,33.61,mediana,mediana
2018-02-05,34.0,33.91,mediana,mediana
2018-02-06,32.0,33.14,mediana,mediana
2018-02-07,36.0,34.63,alta,alta
2018-02-08,31.0,33.02,mediana,mediana
2018-02-09,28.0,28.28,baja,baja
2018-02-10,36.0,35.72,alta,alta
2018-02-11,35.0,35.41,alta,alta
2018-02-12,31.0,32.92,mediana,mediana
2018-02-13,33.0,33.12,mediana,mediana
2018-02-14,34.0,34.5,mediana,alta
2018-02-15,37.0,36.33,alta,alta
2018-02-16,35.0,35.12,alta,alta
2018-02-17,37.0,36.61,alta,alta
2018-02-18,33.0,33.77,mediana,mediana
2018-02-19,37.0,36.95,alta,alta
2018-02-20,39.0,37.32,alta,alta
2018-02-21,36.0,35.48,alta,alta
2018-02-22,32.0,32.03,mediana,mediana
2018-02-23,34.0,33.97,mediana,mediana
2018-02-24,35.0,34.53,alta,alta
2018-02-25,25.0,26.85,baja,baja
2018-02-26,32.0,31.77,mediana,mediana
2018-02-27,35.0,29.32,alta,baja
2018-02-28,23.0,23.91,baja,baja
2018-03-01,30.0,28.97,baja,baja
2018-03-02,29.0,27.49,baja,baja
2018-03-03,24.0,24.48,baja,baja
2018-03-04,21.0,20.7,baja,baja
2018-03-05,24.0,25.02,baja,baja
2018-03-06,26.0,26.31,baja,baja
2018-03-07,28.0,28.09,baja,baja
2018-03-08,28.0,28.19,baja,baja
2018-03-09,29.0,29.06,baja,baja
2018-03-10,26.0,28.24,baja,baja
2018-03-11,27.0,28.26,baja,baja
2018-03-12,32.0,31.03,mediana,mediana
2018-03-13,35.0,34.08,alta,alta
2018-03-14,34.0,34.37,mediana,alta
2018-03-15,30.0,31.28,baja,mediana
2018-03-16,32.0,32.98,mediana,mediana
2018-03-17,35.0,34.44,alta,alta
2018-03-18,35.0,35.3,alta,alta
2018-03-19,34.0,33.74,mediana,mediana
2018-03-20,33.0,32.87,mediana,mediana
2018-03-21,34.0,33.3,mediana,mediana
2018-03-22,31.0,33.88,mediana,mediana
2018-03-23,29.0,29.69,baja,baja
2018-03-24,36.0,35.8,alta,alta
2018-03-25,31.0,31.42,mediana,mediana
2018-03-26,28.0,29.62,baja,baja
2018-03-27,33.0,33.49,mediana,mediana
2018-03-28,36.0,35.71,alta,alta
2018-03-29,32.0,35.39,mediana,alta
2018-03-30,34.0,33.19,mediana,mediana
2018-03-31,29.0,35.87,baja,alta
2018-04-01,35.0,34.72,alta,alta
2018-04-02,31.0,34.63,mediana,alta
2018-04-03,38.0,38.02,alta,alta
2018-04-04,34.0,33.58,mediana,mediana
2018-04-05,37.0,36.19,alta,alta
2018-04-06,37.0,36.31,alta,alta
2018-04-07,35.0,35.12,alta,alta
2018-04-08,32.0,31.16,mediana,mediana
2018-04-09,35.0,34.36,alta,alta
2018-04-10,35.0,34.95,alta,alta
2018-04-11,30.0,28.18,baja,baja
2018-04-12,34.0,33.91,mediana,mediana
2018-04-13,34.0,33.13,mediana,mediana
2018-04-14,23.0,27.89,baja,baja
2018-04-15,29.0,28.01,baja,baja
2018-04-16,27.0,25.94,baja,baja
2018-04-17,23.0,23.85,baja,baja
2018-04-18,19.0,19.78,baja,baja
2018-04-19,24.0,25.75,baja,baja
2018-04-20,25.0,25.58,baja,baja
2018-04-21,26.0,26.68,baja,baja
2018-04-22,28.0,28.21,baja,baja
2018-04-23,28.0,28.08,baja,baja
2018-04-24,27.0,26.55,baja,baja
2018-04-25,26.0,27.97,baja,baja
2018-04-26,33.0,33.12,mediana,mediana
2018-04-27,34.0,32.55,mediana,mediana
2018-04-28,32.0,33.01,mediana,mediana
2018-04-29,32.0,32.27,mediana,mediana
2018-04-30,34.0,33.25,mediana,mediana
2018-05-01,33.0,32.74,mediana,mediana
2018-05-02,34.0,34.36,mediana,alta
2018-05-03,32.0,32.59,mediana,mediana
2018-05-04,35.0,33.49,alta,mediana
2018-05-05,34.0,33.34,mediana,mediana
2018-05-06,33.0,33.67,mediana,mediana
2018-05-07,32.0,31.59,mediana,mediana
2018-05-08,36.0,36.15,alta,alta
2018-05-09,28.0,28.4,baja,baja
2018-05-10,29.0,28.88,baja,baja
2018-05-11,34.0,33.56,mediana,mediana
2018-05-12,35.0,34.38,alta,alta
2018-05-13,36.0,35.0,alta,alta
2018-05-14,35.0,34.59,alta,alta
2018-05-15,27.0,29.37,baja,baja
2018-05-16,36.0,36.08,alta,alta
2018-05-17,35.0,33.76,alta,mediana
2018-05-18,38.0,37.56,alta,alta
2018-05-19,31.0,30.95,mediana,mediana
2018-05-20,34.0,33.68,mediana,mediana
2018-05-21,36.0,35.2,alta,alta
2018-05-22,33.0,33.19,mediana,mediana
2018-05-23,30.0,28.03,baja,baja
2018-05-24,36.0,34.04,alta,alta
2018-05-25,36.0,35.72,alta,alta
2018-05-26,30.0,28.91,baja,baja
2018-05-27,35.0,29.95,alta,baja
2018-05-28,33.0,33.1,mediana,mediana
2018-05-29,25.0,25.01,baja,baja
2018-05-30,28.0,25.68,baja,baja
2018-05-31,25.0,24.36,baja,baja
2018-06-01,22.0,22.68,baja,baja
2018-06-02,20.0,20.67,baja,baja
2018-06-03,23.0,25.72,baja,baja
2018-06-04,23.0,25.79,baja,baja
2018-06-05,26.0,29.29,baja,baja
2018-06-06,28.0,27.29,baja,baja
2018-06-07,30.0,29.52,baja,baja
2018-06-08,28.0,28.93,baja,baja
2018-06-09,32.0,32.46,mediana,mediana
2018-06-10,32.0,32.47,mediana,mediana
2018-06-11,34.0,32.58,mediana,mediana
2018-06-12,26.0,27.02,baja,baja
2018-06-13,31.0,31.64,mediana,mediana
2018-06-14,35.0,34.38,alta,alta
2018-06-15,27.0,30.28,baja,mediana
2018-06-16,37.0,35.8,alta,alta
2018-06-17,28.0,29.68,baja,baja
2018-06-18,35.0,34.42,alta,alta
2018-06-19,34.0,33.24,mediana,mediana
2018-06-20,35.0,34.13,alta,alta
2018-06-21,32.0,32.13,mediana,mediana
2018-06-22,36.0,35.99,alta,alta
2018-06-23,29.0,29.13,baja,baja
2018-06-24,31.0,31.99,mediana,mediana
2018-06-25,34.0,33.85,mediana,mediana
2018-06-26,32.0,32.03,mediana,mediana
2018-06-27,34.0,33.7,mediana,mediana
2018-06-28,33.0,33.55,mediana,mediana
2018-06-29,26.0,28.64,baja,baja
2018-06-30,37.0,36.3,alta,alta
2018-07-01,36.0,35.42,alta,alta
2018-07-02,39.0,37.94,alta,alta
2018-07-03,27.0,30.32,baja,mediana
2018-07-04,37.0,34.29,alta,alta
2018-07-05,36.0,35.52,alta,alta
2018-07-06,35.0,35.27,alta,alta
2018-07-07,33.0,32.78,mediana,mediana
2018-07-08,35.0,34.59,alta,alta
2018-07-09,37.0,36.15,alta,alta
2018-07-10,30.0,27.94,baja,baja
2018-07-11,33.0,32.22,mediana,mediana
2018-07-12,31.0,31.44,mediana,mediana
2018-07-13,23.0,22.91,baja,baja
2018-07-14,27.0,27.11,baja,baja
2018-07-15,27.0,26.02,baja,baja
2018-07-16,21.0,22.07,baja,baja
2018-07-17,21.0,21.7,baja,baja
2018-07-18,23.0,23.03,baja,baja
2018-07-19,23.0,24.62,baja,baja
2018-07-20,32.0,31.9,mediana,mediana
2018-07-21,28.0,28.63,baja,baja
2018-07-22,30.0,29.26,baja,baja
2018-07-23,31.0,30.67,mediana,mediana
2018-07-24,34.0,34.58,mediana,alta
2018-07-25,34.0,33.78,mediana,mediana
2018-07-26,35.0,34.4,alta,alta
2018-07-27,27.0,28.26,baja,baja
2018-07-28,33.0,32.71,mediana,mediana
2018-07-29,35.0,34.92,alta,alta
2018-07-30,28.0,28.76,baja,baja
2018-07-31,32.0,32.36,mediana,mediana
2018-08-01,29.0,32.52,baja,mediana
2018-08-02,33.0,33.27,mediana,mediana
2018-08-03,32.0,32.23,mediana,mediana
2018-08-04,32.0,32.82,mediana,mediana
2018-08-05,35.0,32.38,alta,mediana
2018-08-06,36.0,35.79,alta,alta
2018-08-07,35.0,35.24,alta,alta
2018-08-08,29.0,32.82,baja,mediana
2018-08-09,33.0,33.95,mediana,mediana
2018-08-10,36.0,35.04,alta,alta
2018-08-11,35.0,34.81,alta,alta
2018-08-12,29.0,30.93,baja,mediana
2018-08-13,25.0,25.86,baja,baja
2018-08-14,36.0,35.98,alta,alta
2018-08-15,34.0,34.34,mediana,alta
2018-08-16,38.0,37.73,alta,alta
2018-08-17,35.0,33.45,alta,mediana
2018-08-18,37.0,36.36,alta,alta
2018-08-19,36.0,35.9,alta,alta
2018-08-20,34.0,34.5,mediana,alta
2018-08-21,32.0,32.47,mediana,mediana
2018-08-22,33.0,33.42,mediana,mediana
2018-08-23,37.0,34.81,alta,alta
2018-08-24,29.0,28.21,baja,baja
2018-08-25,33.0,32.29,mediana,mediana
2018-08-26,32.0,31.44,mediana,mediana
2018-08-27,21.0,22.59,baja,baja
2018-08-28,25.0,24.21,baja,baja
2018-08-29,26.0,25.28,baja,baja
2018-08-30,20.0,21.57,baja,baja
2018-08-31,20.0,20.41,baja,baja
2018-09-01,23.0,23.19,baja,baja
2018-09-02,22.0,23.45,baja,baja
2018-09-03,31.0,31.03,mediana,mediana
2018-09-04,28.0,29.0,baja,baja
2018-09-05,31.0,30.28,mediana,mediana
2018-09-06,31.0,31.55,mediana,mediana
2018-09-07,33.0,33.3,mediana,mediana
2018-09-08,34.0,33.69,mediana,mediana
2018-09-09,35.0,34.73,alta,alta
2018-09-10,31.0,31.56,mediana,mediana
2018-09-11,36.0,33.1,alta,mediana
2018-09-12,34.0,34.8,mediana,alta
2018-09-13,36.0,36.07,alta,alta
2018-09-14,31.0,31.65,mediana,mediana
2018-09-15,32.0,32.2,mediana,mediana
2018-09-16,34.0,35.4,mediana,alta
2018-09-17,30.0,30.73,baja,mediana
2018-09-18,32.0,32.74,mediana,mediana
2018-09-19,35.0,34.85,alta,alta
2018-09-20,36.0,36.24,alta,alta
2018-09-21,36.0,35.58,alta,alta
2018-09-22,31.0,31.05,mediana,mediana
2018-09-23,34.0,33.88,mediana,mediana
2018-09-24,37.0,35.88,alta,alta
2018-09-25,40.0,38.36,alta,alta
2018-09-26,37.0,33.91,alta,mediana
2018-09-27,32.0,31.16,mediana,mediana
2018-09-28,38.0,36.67,alta,alta
2018-09-29,37.0,35.96,alta,alta
2018-09-30,37.0,36.87,alta,alta
2018-10-01,35.0,35.22,alta,alta
2018-10-02,34.0,35.67,mediana,alta
2018-10-03,37.0,36.26,alta,alta
2018-10-04,34.0,34.53,mediana,alta
2018-10-05,33.0,32.35,mediana,mediana
2018-10-06,33.0,33.34,mediana,mediana
2018-10-07,37.0,35.01,alta,alta
2018-10-08,28.0,27.65,baja,baja
2018-10-09,32.0,30.24,mediana,mediana
2018-10-10,32.0,31.34,mediana,mediana
2018-10-11,25.0,25.23,baja,baja
2018-10-12,25.0,25.43,baja,baja
2018-10-13,25.0,25.47,baja,baja
2018-10-14,22.0,27.06,baja,baja
2018-10-15,21.0,22.05,baja,baja
2018-10-16,18.0,20.52,baja,baja
2018-10-17,24.0,23.68,baja,baja
2018-10-18,31.0,31.04,mediana,mediana
2018-10-19,30.0,30.02,baja,mediana
2018-10-20,30.0,30.02,baja,mediana
2018-10-21,29.0,29.98,baja,baja
2018-10-22,33.0,33.28,mediana,mediana
2018-10-23,34.0,33.35,mediana,mediana
2018-10-24,35.0,33.4,alta,mediana
2018-10-25,34.0,34.3,mediana,alta
2018-10-26,36.0,34.64,alta,alta
2018-10-27,35.0,33.81,alta,mediana
2018-10-28,36.0,35.88,alta,alta
2018-10-29,33.0,34.44,mediana,alta
2018-10-30,32.0,32.5,mediana,mediana
2018-10-31,29.0,30.46,baja,mediana
2018-11-01,35.0,36.31,alta,alta
2018-11-02,31.0,31.61,mediana,mediana
2018-11-03,35.0,35.34,alta,alta
2018-11-04,35.0,36.76,alta,alta
2018-11-05,35.0,34.3,alta,alta
2018-11-06,36.0,35.71,alta,alta
2018-11-07,33.0,33.67,mediana,mediana
2018-11-08,35.0,35.17,alta,alta
2018-11-09,41.0,38.98,alta,alta
2018-11-10,37.0,35.91,alta,alta
2018-11-11,37.0,33.45,alta,mediana
2018-11-12,37.0,35.51,alta,alta
2018-11-13,35.0,35.12,alta,alta
2018-11-14,37.0,34.29,alta,alta
2018-11-15,33.0,33.7,mediana,mediana
2018-11-16,35.0,35.05,alta,alta
2018-11-17,35.0,35.01,alta,alta
2018-11-18,35.0,34.85,alta,alta
2018-11-19,32.0,31.31,mediana,mediana
2018-11-20,31.0,30.04,mediana,mediana
2018-11-21,35.0,32.63,alta,mediana
2018-11-22,29.0,29.3,baja,baja
2018-11-23,28.0,27.55,baja,baja
2018-11-24,31.0,30.79,mediana,mediana
2018-11-25,29.0,26.14,baja,baja
2018-11-26,26.0,25.86,baja,baja
2018-11-27,26.0,25.63,baja,baja
2018-11-28,24.0,25.7,baja,baja
2018-11-29,24.0,24.86,baja,baja
2018-11-30,20.0,20.98,baja,baja
2018-12-01,25.0,25.02,baja,baja
2018-12-02,30.0,30.49,baja,mediana
2018-12-03,30.0,30.35,baja,mediana
2018-12-04,30.0,30.57,baja,mediana
2018-12-05,25.0,25.93,baja,baja
2018-12-06,35.0,34.83,alta,alta
2018-12-07,33.0,32.81,mediana,mediana
2018-12-08,33.0,32.16,mediana,mediana
2018-12-09,34.0,34.49,mediana,alta
2018-12-10,35.0,35.32,alta,alta
2018-12-11,35.0,34.8,alta,alta
2018-12-12,36.0,34.95,alta,alta
2018-12-13,34.0,33.85,mediana,mediana
2018-12-14,31.0,31.84,mediana,mediana
2018-12-15,26.0,26.23,baja,baja
2018-12-16,35.0,34.36,alta,alta
2018-12-17,39.0,31.68,alta,mediana
2018-12-18,35.0,35.11,alta,alta
2018-12-19,36.0,33.75,alta,mediana
2018-12-20,31.0,31.68,mediana,mediana
2018-12-21,34.0,34.17,mediana,alta
2018-12-22,33.0,33.85,mediana,mediana
2018-12-23,38.0,37.16,alta,alta
2018-12-24,33.0,36.7,mediana,alta
2018-12-25,37.0,36.67,alta,alta
2018-12-26,39.0,38.49,alta,alta
2018-12-27,37.0,36.8,alta,alta
2018-12-28,34.0,33.83,mediana,mediana
2018-12-29,36.0,34.69,alta,alta
2018-12-30,36.0,35.86,alta,alta
2018-12-31,36.0,33.59,alta,mediana
2019-01-01,40.0,36.93,alta,alta
2019-01-02,35.0,34.41,alta,alta
2019-01-03,31.0,31.32,mediana,mediana
2019-01-04,34.0,31.98,mediana,mediana
2019-01-05,36.0,36.1,alta,alta
2019-01-06,29.0,28.04,baja,baja
2019-01-07,29.0,29.51,baja,baja
2019-01-08,29.0,28.22,baja,baja
2019-01-09,29.0,28.24,baja,baja
2019-01-10,25.0,23.99,baja,baja
2019-01-11,24.0,24.77,baja,baja
2019-01-12,26.0,26.51,baja,baja
2019-01-13,25.0,25.51,baja,baja
2019-01-14,24.0,24.2,baja,baja
2019-01-15,27.0,27.19,baja,baja
2019-01-16,31.0,30.77,mediana,mediana
2019-01-17,30.0,30.09,baja,mediana
2019-01-18,33.0,32.19,mediana,mediana
2019-01-19,24.0,27.16,baja,baja
2019-01-20,35.0,35.2,alta,alta
2019-01-21,32.0,32.03,mediana,mediana
2019-01-22,34.0,31.38,mediana,mediana
2019-01-23,35.0,34.85,alta,alta
2019-01-24,36.0,35.56,alta,alta
2019-01-25,35.0,34.75,alta,alta
2019-01-26,34.0,33.29,mediana,mediana
2019-01-27,36.0,35.96,alta,alta
2019-01-28,33.0,33.85,mediana,mediana
2019-01-29,32.0,31.93,mediana,mediana
2019-01-30,32.0,34.77,mediana,alta
2019-01-31,34.0,33.51,mediana,mediana
2019-02-01,33.0,36.02,mediana,alta
2019-02-02,37.0,36.45,alta,alta
2019-02-03,32.0,32.59,mediana,mediana
2019-02-04,35.0,34.79,alta,alta
2019-02-05,34.0,33.65,mediana,mediana
2019-02-06,39.0,38.7,alta,alta
2019-02-07,40.0,38.08,alta,alta
2019-02-08,35.0,34.73,alta,alta
2019-02-09,37.0,37.11,alta,alta
2019-02-10,37.0,36.61,alta,alta
2019-02-11,32.0,34.66,mediana,alta
2019-02-12,34.0,33.63,mediana,mediana
2019-02-13,33.0,32.84,mediana,mediana
2019-02-14,37.0,36.38,alta,alta
2019-02-15,39.0,37.95,alta,alta
2019-02-16,33.0,33.86,mediana,mediana
2019-02-17,31.0,31.58,mediana,mediana
2019-02-18,34.0,33.26,mediana,mediana
2019-02-19,31.0,32.32,mediana,mediana
2019-02-20,28.0,27.89,baja,baja
2019-02-21,28.0,28.92,baja,baja
2019-02-22,28.0,27.73,baja,baja
2019-02-23,27.0,26.06,baja,baja
2019-02-24,24.0,22.75,baja,baja
2019-02-25,24.0,23.86,baja,baja
2019-02-26,26.0,27.2,baja,baja
2019-02-27,26.0,25.77,baja,baja
2019-02-28,26.0,25.35,baja,baja
2019-03-01,28.0,28.19,baja,baja
2019-03-02,31.0,31.11,mediana,mediana
2019-03-03,31.0,30.84,mediana,mediana
2019-03-04,34.0,33.11,mediana,mediana
2019-03-05,23.0,24.85,baja,baja
2019-03-06,35.0,35.15,alta,alta
2019-03-07,33.0,32.88,mediana,mediana
2019-03-08,34.0,33.57,mediana,mediana
2019-03-09,34.0,34.14,mediana,alta
2019-03-10,34.0,34.14,mediana,alta
2019-03-11,34.0,34.05,mediana,alta
2019-03-12,34.0,33.81,mediana,mediana
2019-03-13,35.0,34.66,alta,alta
2019-03-14,33.0,33.31,mediana,mediana
2019-03-15,29.0,33.55,baja,mediana
2019-03-16,32.0,32.05,mediana,mediana
2019-03-17,34.0,32.17,mediana,mediana
2019-03-18,33.0,33.48,mediana,mediana
2019-03-19,38.0,37.29,alta,alta
2019-03-20,33.0,32.95,mediana,mediana
2019-03-21,34.0,35.0,mediana,alta
2019-03-22,32.0,32.19,mediana,mediana
2019-03-23,33.0,33.35,mediana,mediana
2019-03-24,41.0,36.63,alta,alta
2019-03-25,35.0,35.12,alta,alta
2019-03-26,37.0,36.11,alta,alta
2019-03-27,36.0,35.54,alta,alta
2019-03-28,35.0,35.35,alta,alta
2019-03-29,37.0,36.67,alta,alta
2019-03-30,35.0,34.33,alta,alta
2019-03-31,37.0,36.78,alta,alta
2019-04-01,38.0,36.72,alta,alta
2019-04-02,35.0,36.11,alta,alta
2019-04-03,30.0,28.64,baja,baja
2019-04-04,34.0,32.36,mediana,mediana
2019-04-05,35.0,34.34,alta,alta
2019-04-06,28.0,28.93,baja,baja
2019-04-07,31.0,29.96,mediana,baja
2019-04-08,28.0,27.87,baja,baja
2019-04-09,26.0,25.84,baja,baja
2019-04-10,24.0,23.73,baja,baja
2019-04-11,24.0,23.39,baja,baja
2019-04-12,26.0,26.42,baja,baja
2019-04-13,27.0,27.54,baja,baja
2019-04-14,28.0,28.66,baja,baja
2019-04-15,29.0,28.49,baja,baja
2019-04-16,31.0,31.15,mediana,mediana
2019-04-17,29.0,30.68,baja,mediana
2019-04-18,30.0,29.88,baja,baja
2019-04-19,29.0,29.3,baja,baja
2019-04-20,36.0,35.68,alta,alta
2019-04-21,32.0,32.33,mediana,mediana
2019-04-22,32.0,31.78,mediana,mediana
2019-04-23,34.0,33.94,mediana,mediana
2019-04-24,35.0,35.08,alta,alta
2019-04-25,34.0,33.4,mediana,mediana
2019-04-26,36.0,35.15,alta,alta
2019-04-27,35.0,34.09,alta,alta
2019-04-28,35.0,34.66,alta,alta
2019-04-29,31.0,30.93,mediana,mediana
2019-04-30,34.0,34.9,mediana,alta
2019-05-01,31.0,32.63,mediana,mediana
2019-05-02,35.0,34.59,alta,alta
2019-05-03,38.0,37.03,alta,alta
2019-05-04,31.0,31.49,mediana,mediana
2019-05-05,33.0,33.31,mediana,mediana
2019-05-06,29.0,33.28,baja,mediana
2019-05-07,39.0,36.64,alta,alta
2019-05-08,38.0,37.43,alta,alta
2019-05-09,36.0,36.54,alta,alta
2019-05-10,36.0,36.25,alta,alta
2019-05-11,35.0,34.98,alta,alta
2019-05-12,33.0,34.05,mediana,alta
2019-05-13,38.0,37.24,alta,alta
2019-05-14,37.0,36.46,alta,alta
2019-05-15,35.0,34.97,alta,alta
2019-05-16,39.0,36.37,alta,alta
2019-05-17,35.0,35.69,alta,alta
2019-05-18,31.0,31.5,mediana,mediana
2019-05-19,35.0,30.56,alta,mediana
2019-05-20,37.0,36.21,alta,alta
2019-05-21,28.0,27.88,baja,baja
2019-05-22,30.0,28.72,baja,baja
2019-05-23,28.0,30.18,baja,mediana
2019-05-24,25.0,24.93,baja,baja
2019-05-25,26.0,26.06,baja,baja
2019-05-26,21.0,21.55,baja,baja
2019-05-27,26.0,25.92,baja,baja
2019-05-28,27.0,26.75,baja,baja
2019-05-29,28.0,27.79,baja,baja
2019-05-30,29.0,29.51,baja,baja
2019-05-31,32.0,31.4,mediana,mediana
2019-06-01,29.0,29.48,baja,baja
2019-06-02,30.0,29.9,baja,baja
2019-06-03,31.0,30.69,mediana,mediana
2019-06-04,36.0,34.73,alta,alta
2019-06-05,32.0,33.1,mediana,mediana
2019-06-06,29.0,29.55,baja,baja
2019-06-07,33.0,34.16,mediana,alta
2019-06-08,35.0,35.25,alta,alta
2019-06-09,32.0,32.16,mediana,mediana
2019-06-10,35.0,34.46,alta,alta
2019-06-11,34.0,34.16,mediana,alta
2019-06-12,35.0,34.0,alta,mediana
2019-06-13,30.0,29.58,baja,baja
2019-06-14,32.0,32.4,mediana,mediana
2019-06-15,32.0,32.1,mediana,mediana
2019-06-16,32.0,32.07,mediana,mediana
2019-06-17,36.0,36.48,alta,alta
2019-06-18,34.0,33.05,mediana,mediana
2019-06-19,32.0,32.5,mediana,mediana
2019-06-20,31.0,34.71,mediana,alta
2019-06-21,35.0,33.16,alta,mediana
2019-06-22,36.0,32.02,alta,mediana
2019-06-23,37.0,33.55,alta,mediana
2019-06-24,37.0,36.69,alta,alta
2019-06-25,36.0,35.19,alta,alta
2019-06-26,35.0,34.4,alta,alta
2019-06-27,38.0,35.62,alta,alta
2019-06-28,36.0,35.94,alta,alta
2019-06-29,36.0,34.94,alta,alta
2019-06-30,37.0,34.36,alta,alta
2019-07-01,36.0,36.27,alta,alta
2019-07-02,34.0,32.7,mediana,mediana
2019-07-03,35.0,35.0,alta,alta
2019-07-04,37.0,32.87,alta,mediana
2019-07-05,27.0,25.31,baja,baja
2019-07-06,28.0,27.63,baja,baja
2019-07-07,29.0,28.25,baja,baja
2019-07-08,22.0,22.84,baja,baja
2019-07-09,26.0,24.31,baja,baja
2019-07-10,21.0,21.83,baja,baja
2019-07-11,23.0,24.67,baja,baja
2019-07-12,26.0,26.35,baja,baja
2019-07-13,28.0,27.62,baja,baja
2019-07-14,29.0,29.05,baja,baja
2019-07-15,31.0,31.12,mediana,mediana
2019-07-16,29.0,29.71,baja,baja
2019-07-17,30.0,29.82,baja,baja
2019-07-18,31.0,30.67,mediana,mediana
2019-07-19,36.0,35.57,alta,alta
2019-07-20,32.0,32.22,mediana,mediana
2019-07-21,27.0,28.39,baja,baja
2019-07-22,34.0,34.38,mediana,alta
2019-07-23,34.0,34.54,mediana,alta
2019-07-24,29.0,30.03,baja,mediana
2019-07-25,34.0,33.53,mediana,mediana
2019-07-26,34.0,34.06,mediana,alta
2019-07-27,35.0,34.74,alta,alta
2019-07-28,31.0,32.1,mediana,mediana
2019-07-29,35.0,34.62,alta,alta
2019-07-30,29.0,31.11,baja,mediana
2019-07-31,35.0,34.23,alta,alta
2019-08-01,33.0,33.7,mediana,mediana
2019-08-02,34.0,33.41,mediana,mediana
2019-08-03,30.0,30.8,baja,mediana
2019-08-04,29.0,30.52,baja,mediana
2019-08-05,37.0,36.12,alta,alta
2019-08-06,36.0,35.1,alta,alta
2019-08-07,33.0,33.03,mediana,mediana
2019-08-08,36.0,35.49,alta,alta
2019-08-09,36.0,35.92,alta,alta
2019-08-10,34.0,33.64,mediana,mediana
2019-08-11,36.0,35.75,alta,alta
2019-08-12,34.0,34.73,mediana,alta
2019-08-13,34.0,34.1,mediana,alta
2019-08-14,35.0,34.65,alta,alta
2019-08-15,36.0,36.29,alta,alta
2019-08-16,32.0,31.91,mediana,mediana
2019-08-17,35.0,34.28,alta,alta
2019-08-18,36.0,35.23,alta,alta
2019-08-19,25.0,25.27,baja,baja
2019-08-20,27.0,26.72,baja,baja
2019-08-21,30.0,28.77,baja,baja
2019-08-22,22.0,22.13,baja,baja
2019-08-23,25.0,24.52,baja,baja
2019-08-24,22.0,22.43,baja,baja
2019-08-25,21.0,22.14,baja,baja
2019-08-26,27.0,26.67,baja,baja
2019-08-27,26.0,26.49,baja,baja
2019-08-28,27.0,28.0,baja,baja
2019-08-29,33.0,32.68,mediana,mediana
2019-08-30,29.0,29.81,baja,baja
2019-08-31,30.0,31.15,baja,mediana
2019-09-01,30.0,30.38,baja,mediana
2019-09-02,36.0,35.61,alta,alta
2019-09-03,32.0,32.12,mediana,mediana
2019-09-04,29.0,31.65,baja,mediana
2019-09-05,33.0,33.4,mediana,mediana
2019-09-06,35.0,35.53,alta,alta
2019-09-07,31.0,31.7,mediana,mediana
2019-09-08,34.0,33.81,mediana,mediana
2019-09-09,35.0,34.56,alta,alta
2019-09-10,34.0,34.01,mediana,alta
2019-09-11,36.0,32.65,alta,mediana
2019-09-12,35.0,34.54,alta,alta
2019-09-13,32.0,32.91,mediana,mediana
2019-09-14,34.0,33.31,mediana,mediana
2019-09-15,32.0,32.6,mediana,mediana
2019-09-16,33.0,33.1,mediana,mediana
2019-09-17,31.0,30.71,mediana,mediana
2019-09-18,31.0,32.23,mediana,mediana
2019-09-19,37.0,36.53,alta,alta
2019-09-20,34.0,33.29,mediana,mediana
2019-09-21,33.0,32.91,mediana,mediana
2019-09-22,35.0,31.97,alta,mediana
2019-09-23,37.0,37.24,alta,alta
2019-09-24,38.0,35.6,alta,alta
2019-09-25,37.0,36.24,alta,alta
2019-09-26,37.0,36.52,alta,alta
2019-09-27,34.0,33.44,mediana,mediana
2019-09-28,35.0,35.35,alta,alta
2019-09-29,38.0,37.57,alta,alta
2019-09-30,33.0,33.07,mediana,mediana
2019-10-01,32.0,32.26,mediana,mediana
2019-10-02,36.0,34.31,alta,alta
2019-10-03,25.0,25.23,baja,baja
2019-10-04,25.0,25.01,baja,baja
2019-10-05,29.0,27.79,baja,baja
2019-10-06,19.0,20.46,baja,baja
2019-10-07,24.0,22.91,baja,baja
2019-10-08,22.0,22.17,baja,baja
2019-10-09,26.0,26.22,baja,baja
2019-10-10,27.0,27.36,baja,baja
2019-10-11,26.0,25.72,baja,baja
2019-10-12,23.0,24.39,baja,baja
2019-10-13,32.0,31.48,mediana,mediana
2019-10-14,27.0,28.92,baja,baja
2019-10-15,30.0,29.6,baja,baja
2019-10-16,31.0,31.5,mediana,mediana
2019-10-17,35.0,35.12,alta,alta
2019-10-18,30.0,31.04,baja,mediana
2019-10-19,29.0,29.58,baja,baja
2019-10-20,32.0,31.77,mediana,mediana
2019-10-21,34.0,33.75,mediana,mediana
2019-10-22,33.0,32.71,mediana,mediana
2019-10-23,34.0,35.12,mediana,alta
2019-10-24,34.0,34.77,mediana,alta
2019-10-25,34.0,34.19,mediana,alta
2019-10-26,35.0,33.61,alta,mediana
2019-10-27,35.0,34.3,alta,alta
2019-10-28,34.0,34.29,mediana,alta
2019-10-29,35.0,34.62,alta,alta
2019-10-30,34.0,33.78,mediana,mediana
2019-10-31,32.0,32.46,mediana,mediana
2019-11-01,34.0,33.83,mediana,mediana
2019-11-02,34.0,34.69,mediana,alta
2019-11-03,37.0,37.44,alta,alta
2019-11-04,34.0,33.43,mediana,mediana
2019-11-05,34.0,35.27,mediana,alta
2019-11-06,36.0,33.27,alta,mediana
2019-11-07,38.0,37.64,alta,alta
2019-11-08,34.0,34.08,mediana,alta
2019-11-09,35.0,34.89,alta,alta
2019-11-10,37.0,36.43,alta,alta
2019-11-11,32.0,32.38,mediana,mediana
2019-11-12,34.0,33.31,mediana,mediana
2019-11-13,37.0,36.75,alta,alta
2019-11-14,31.0,29.95,mediana,baja
2019-11-15,31.0,31.76,mediana,mediana
2019-11-16,33.0,32.48,mediana,mediana
2019-11-17,24.0,23.83,baja,baja
2019-11-18,25.0,24.8,baja,baja
2019-11-19,29.0,29.54,baja,baja
2019-11-20,21.0,21.74,baja,baja
2019-11-21,24.0,24.72,baja,baja
2019-11-22,23.0,22.74,baja,baja
2019-11-23,24.0,24.97,baja,baja
2019-11-24,27.0,27.33,baja,baja
2019-11-25,26.0,26.65,baja,baja
2019-11-26,21.0,23.15,baja,baja
2019-11-27,31.0,30.08,mediana,mediana
2019-11-28,23.0,25.34,baja,baja
2019-11-29,30.0,28.66,baja,baja
2019-11-30,31.0,30.98,mediana,mediana
2019-12-01,35.0,35.09,alta,alta
2019-12-02,27.0,28.23,baja,baja
2019-12-03,35.0,34.57,alta,alta
2019-12-04,25.0,26.92,baja,baja
2019-12-05,35.0,34.83,alta,alta
2019-12-06,33.0,32.88,mediana,mediana
2019-12-07,34.0,34.38,mediana,alta
2019-12-08,34.0,34.21,mediana,alta
2019-12-09,34.0,34.07,mediana,alta
2019-12-10,33.0,32.79,mediana,mediana
2019-12-11,33.0,34.0,mediana,mediana
2019-12-12,34.0,34.21,mediana,alta
2019-12-13,35.0,35.48,alta,alta
2019-12-14,35.0,35.23,alta,alta
2019-12-15,32.0,32.68,mediana,mediana
2019-12-16,34.0,34.63,mediana,alta
2019-12-17,36.0,35.41,alta,alta
2019-12-18,37.0,36.3,alta,alta
2019-12-19,35.0,34.27,alta,alta
2019-12-20,35.0,34.98,alta,alta
2019-12-21,38.0,35.15,alta,alta
2019-12-22,39.0,38.39,alta,alta
2019-12-23,38.0,37.32,alta,alta
2019-12-24,36.0,35.31,alta,alta
2019-12-25,36.0,36.38,alta,alta
2019-12-26,34.0,33.12,mediana,mediana
2019-12-27,34.0,33.28,mediana,mediana
2019-12-28,35.0,35.29,alta,alta
2019-12-29,29.0,30.29,baja,mediana
2019-12-30,32.0,31.81,mediana,mediana
2019-12-31,34.0,33.27,mediana,mediana
2020-01-01,25.0,25.59,baja,baja
2020-01-02,26.0,26.46,baja,baja
2020-01-03,31.0,30.37,mediana,mediana
2020-01-04,21.0,21.67,baja,baja
2020-01-05,24.0,24.64,baja,baja
2020-01-06,22.0,22.36,baja,baja
2020-01-07,24.0,26.7,baja,baja
2020-01-08,29.0,29.17,baja,baja
2020-01-09,25.0,25.13,baja,baja
2020-01-10,25.0,26.4,baja,baja
2020-01-11,30.0,29.26,baja,baja
2020-01-12,25.0,24.61,baja,baja
2020-01-13,30.0,29.95,baja,baja
2020-01-14,31.0,30.78,mediana,mediana
2020-01-15,35.0,34.56,alta,alta
2020-01-16,32.0,31.8,mediana,mediana
2020-01-17,36.0,35.32,alta,alta
2020-01-18,29.0,31.29,baja,mediana
2020-01-19,35.0,34.65,alta,alta
2020-01-20,30.0,33.01,baja,mediana
2020-01-21,33.0,34.92,mediana,alta
2020-01-22,36.0,35.75,alta,alta
2020-01-23,35.0,34.56,alta,alta
2020-01-24,30.0,28.64,baja,baja
2020-01-25,32.0,32.21,mediana,mediana
2020-01-26,35.0,34.41,alta,alta
2020-01-27,35.0,34.83,alta,alta
2020-01-28,35.0,34.51,alta,alta
2020-01-29,31.0,31.32,mediana,mediana
2020-01-30,33.0,33.27,mediana,mediana
2020-01-31,36.0,34.46,alta,alta
2020-02-01,36.0,35.42,alta,alta
2020-02-02,36.0,34.64,alta,alta
2020-02-03,36.0,35.21,alta,alta
2020-02-04,35.0,34.54,alta,alta
2020-02-05,40.0,39.03,alta,alta
2020-02-06,36.0,35.9,alta,alta
2020-02-07,36.0,35.93,alta,alta
2020-02-08,36.0,35.95,alta,alta
2020-02-09,32.0,33.17,mediana,mediana
2020-02-10,33.0,32.72,mediana,mediana
2020-02-11,34.0,34.45,mediana,alta
2020-02-12,30.0,29.67,baja,baja
2020-02-13,30.0,30.19,baja,mediana
2020-02-14,36.0,34.12,alta,alta
2020-02-15,19.0,21.04,baja,baja
2020-02-16,30.0,28.51,baja,baja
2020-02-17,29.0,30.47,baja,mediana
2020-02-18,23.0,22.9,baja,baja
2020-02-19,25.0,25.23,baja,baja
2020-02-20,21.0,21.27,baja,baja
2020-02-21,30.0,28.55,baja,baja
2020-02-22,29.0,28.49,baja,baja
2020-02-23,26.0,26.48,baja,baja
2020-02-24,27.0,27.24,baja,baja
2020-02-25,29.0,28.88,baja,baja
2020-02-26,28.0,29.1,baja,baja
2020-02-27,27.0,29.28,baja,baja
2020-02-28,32.0,31.31,mediana,mediana
2020-02-29,32.0,33.1,mediana,mediana
2020-03-01,28.0,29.46,baja,baja
2020-03-02,34.0,33.84,mediana,mediana
2020-03-03,30.0,31.16,baja,mediana
2020-03-04,35.0,35.52,alta,alta
2020-03-05,31.0,32.16,mediana,mediana
2020-03-06,32.0,32.64,mediana,mediana
2020-03-07,36.0,35.62,alta,alta
2020-03-08,34.0,33.86,mediana,mediana
2020-03-09,30.0,29.54,baja,baja
2020-03-10,32.0,32.21,mediana,mediana
2020-03-11,31.0,32.11,mediana,mediana
2020-03-12,33.0,33.53,mediana,mediana
2020-03-13,32.0,32.52,mediana,mediana
2020-03-14,35.0,34.2,alta,alta
2020-03-15,32.0,31.81,mediana,mediana
2020-03-16,36.0,33.03,alta,mediana
2020-03-17,31.0,34.15,mediana,alta
2020-03-18,37.0,36.76,alta,alta
2020-03-19,36.0,35.72,alta,alta
2020-03-20,34.0,33.62,mediana,mediana
2020-03-21,39.0,37.85,alta,alta
2020-03-22,35.0,35.42,alta,alta
2020-03-23,37.0,37.5,alta,alta
2020-03-24,39.0,38.45,alta,alta
2020-03-25,32.0,33.79,mediana,mediana
2020-03-26,34.0,33.96,mediana,mediana
2020-03-27,33.0,33.38,mediana,mediana
2020-03-28,26.0,29.45,baja,baja
2020-03-29,28.0,29.1,baja,baja
2020-03-30,33.0,32.85,mediana,mediana
2020-03-31,22.0,23.47,baja,baja
2020-04-01,29.0,28.57,baja,baja
2020-04-02,33.0,28.41,mediana,baja
2020-04-03,20.0,21.73,baja,baja
2020-04-04,27.0,24.1,baja,baja
2020-04-05,22.0,23.01,baja,baja
2020-04-06,29.0,28.32,baja,baja
2020-04-07,28.0,27.74,baja,baja
2020-04-08,27.0,27.11,baja,baja
2020-04-09,26.0,26.19,baja,baja
2020-04-10,31.0,30.17,mediana,mediana
2020-04-11,30.0,31.46,baja,mediana
2020-04-12,33.0,32.61,mediana,mediana
2020-04-13,32.0,32.18,mediana,mediana
2020-04-14,33.0,33.35,mediana,mediana
2020-04-15,34.0,33.77,mediana,mediana
2020-04-16,35.0,35.13,alta,alta
2020-04-17,33.0,33.76,mediana,mediana
2020-04-18,36.0,35.98,alta,alta
2020-04-19,33.0,32.89,mediana,mediana
2020-04-20,30.0,31.04,baja,mediana
2020-04-21,36.0,35.2,alta,alta
2020-04-22,30.0,33.55,baja,mediana
2020-04-23,33.0,32.9,mediana,mediana
2020-04-24,31.0,30.59,mediana,mediana
2020-04-25,32.0,32.21,mediana,mediana
2020-04-26,32.0,32.51,mediana,mediana
2020-04-27,31.0,33.08,mediana,mediana
2020-04-28,34.0,33.55,mediana,mediana
2020-04-29,31.0,31.73,mediana,mediana
2020-04-30,37.0,36.29,alta,alta
2020-05-01,33.0,32.38,mediana,mediana
2020-05-02,36.0,34.76,alta,alta
2020-05-03,36.0,35.51,alta,alta
2020-05-04,32.0,32.62,mediana,mediana
2020-05-05,40.0,39.04,alta,alta
2020-05-06,36.0,35.94,alta,alta
2020-05-07,37.0,36.73,alta,alta
2020-05-08,38.0,34.95,alta,alta
2020-05-09,34.0,33.16,mediana,mediana
2020-05-10,34.0,33.75,mediana,mediana
2020-05-11,31.0,32.02,mediana,mediana
2020-05-12,28.0,28.53,baja,baja
2020-05-13,29.0,29.23,baja,baja
2020-05-14,34.0,33.84,mediana,mediana
2020-05-15,25.0,25.69,baja,baja
2020-05-16,29.0,28.06,baja,baja
2020-05-17,30.0,29.93,baja,baja
2020-05-18,21.0,21.26,baja,baja
2020-05-19,26.0,23.56,baja,baja
2020-05-20,23.0,22.28,baja,baja
2020-05-21,28.0,27.68,baja,baja
2020-05-22,27.0,26.85,baja,baja
2020-05-23,27.0,27.0,baja,baja
2020-05-24,26.0,26.33,baja,baja
2020-05-25,31.0,31.17,mediana,mediana
2020-05-26,31.0,30.77,mediana,mediana
2020-05-27,34.0,34.35,mediana,alta
2020-05-28,32.0,32.02,mediana,mediana
2020-05-29,32.0,32.76,mediana,mediana
2020-05-30,33.0,33.13,mediana,mediana
2020-05-31,35.0,34.57,alta,alta
2020-06-01,32.0,33.0,mediana,mediana
2020-06-02,35.0,34.97,alta,alta
2020-06-03,33.0,32.88,mediana,mediana
2020-06-04,34.0,32.7,mediana,mediana
2020-06-05,34.0,34.43,mediana,alta
2020-06-06,30.0,30.82,baja,mediana
2020-06-07,36.0,34.53,alta,alta
2020-06-08,32.0,33.45,mediana,mediana
2020-06-09,34.0,33.61,mediana,mediana
2020-06-10,32.0,32.41,mediana,mediana
2020-06-11,33.0,32.88,mediana,mediana
2020-06-12,30.0,30.75,baja,mediana
2020-06-13,32.0,34.05,mediana,alta
2020-06-14,36.0,34.57,alta,alta
2020-06-15,32.0,31.68,mediana,mediana
2020-06-16,34.0,34.43,mediana,alta
2020-06-17,37.0,36.5,alta,alta
2020-06-18,35.0,34.83,alta,alta
2020-06-19,37.0,34.01,alta,alta
2020-06-20,37.0,34.92,alta,alta
2020-06-21,37.0,36.75,alta,alta
2020-06-22,37.0,36.45,alta,alta
2020-06-23,33.0,33.38,mediana,mediana
2020-06-24,36.0,35.81,alta,alta
2020-06-25,33.0,33.74,mediana,mediana
2020-06-26,29.0,28.47,baja,baja
2020-06-27,29.0,29.8,baja,baja
2020-06-28,35.0,33.54,alta,mediana
2020-06-29,25.0,25.18,baja,baja
2020-06-30,27.0,27.02,baja,baja
2020-07-01,29.0,29.48,baja,baja
2020-07-02,19.0,20.98,baja,baja
2020-07-03,25.0,24.34,baja,baja
2020-07-04,22.0,22.64,baja,baja
2020-07-05,28.0,27.87,baja,baja
2020-07-06,26.0,25.75,baja,baja
2020-07-07,27.0,27.63,baja,baja
2020-07-08,27.0,27.5,baja,baja
2020-07-09,30.0,30.68,baja,mediana
2020-07-10,32.0,31.34,mediana,mediana
2020-07-11,33.0,33.53,mediana,mediana
2020-07-12,32.0,31.42,mediana,mediana
2020-07-13,33.0,33.21,mediana,mediana
2020-07-14,33.0,33.04,mediana,mediana
2020-07-15,38.0,36.5,alta,alta
2020-07-16,35.0,34.46,alta,alta
2020-07-17,34.0,34.42,mediana,alta
2020-07-18,32.0,32.89,mediana,mediana
2020-07-19,34.0,33.69,mediana,mediana
2020-07-20,36.0,35.0,alta,alta
2020-07-21,30.0,30.04,baja,mediana
2020-07-22,33.0,32.79,mediana,mediana
2020-07-23,35.0,33.74,alta,mediana
2020-07-24,34.0,33.43,mediana,mediana
2020-07-25,35.0,34.85,alta,alta
2020-07-26,35.0,34.24,alta,alta
2020-07-27,33.0,32.75,mediana,mediana
2020-07-28,33.0,33.38,mediana,mediana
2020-07-29,36.0,34.97,alta,alta
2020-07-30,35.0,34.81,alta,alta
2020-07-31,36.0,35.64,alta,alta
2020-08-01,37.0,36.99,alta,alta
2020-08-02,35.0,33.01,alta,mediana
2020-08-03,28.0,29.77,baja,baja
2020-08-04,34.0,34.67,mediana,alta
2020-08-05,37.0,36.57,alta,alta
2020-08-06,37.0,36.31,alta,alta
2020-08-07,34.0,34.44,mediana,alta
2020-08-08,35.0,35.18,alta,alta
2020-08-09,34.0,34.22,mediana,alta
2020-08-10,29.0,29.95,baja,baja
2020-08-11,28.0,30.85,baja,mediana
2020-08-12,36.0,35.2,alta,alta
2020-08-13,24.0,22.56,baja,baja
2020-08-14,29.0,28.09,baja,baja
2020-08-15,31.0,29.91,mediana,baja
2020-08-16,19.0,21.05,baja,baja
2020-08-17,24.0,22.87,baja,baja
2020-08-18,21.0,21.4,baja,baja
2020-08-19,29.0,27.03,baja,baja
2020-08-20,26.0,26.56,baja,baja
2020-08-21,28.0,27.53,baja,baja
2020-08-22,27.0,27.03,baja,baja
2020-08-23,32.0,32.82,mediana,mediana
2020-08-24,31.0,31.59,mediana,mediana
2020-08-25,33.0,32.94,mediana,mediana
2020-08-26,31.0,30.83,mediana,mediana
2020-08-27,32.0,32.71,mediana,mediana
2020-08-28,33.0,31.86,mediana,mediana
2020-08-29,37.0,35.85,alta,alta
2020-08-30,32.0,33.17,mediana,mediana
2020-08-31,34.0,34.59,mediana,alta
2020-09-01,31.0,32.72,mediana,mediana
2020-09-02,33.0,33.1,mediana,mediana
2020-09-03,34.0,34.04,mediana,alta
2020-09-04,37.0,35.84,alta,alta
2020-09-05,33.0,33.16,mediana,mediana
2020-09-06,33.0,32.88,mediana,mediana
2020-09-07,32.0,33.07,mediana,mediana
2020-09-08,36.0,35.45,alta,alta
2020-09-09,33.0,33.19,mediana,mediana
2020-09-10,32.0,31.68,mediana,mediana
2020-09-11,33.0,32.97,mediana,mediana
2020-09-12,36.0,35.2,alta,alta
2020-09-13,35.0,34.52,alta,alta
2020-09-14,36.0,35.15,alta,alta
2020-09-15,37.0,35.6,alta,alta
2020-09-16,32.0,32.14,mediana,mediana
2020-09-17,30.0,29.14,baja,baja
2020-09-18,33.0,33.44,mediana,mediana
2020-09-19,36.0,36.03,alta,alta
2020-09-20,36.0,35.29,alta,alta
2020-09-21,35.0,34.62,alta,alta
2020-09-22,34.0,34.1,mediana,alta
2020-09-23,36.0,36.6,alta,alta
2020-09-24,29.0,29.58,baja,baja
2020-09-25,28.0,27.95,baja,baja
2020-09-26,37.0,34.33,alta,alta
2020-09-27,22.0,22.62,baja,baja
2020-09-28,29.0,27.85,baja,baja
2020-09-29,31.0,29.25,mediana,baja
2020-09-30,18.0,19.81,baja,baja
2020-10-01,25.0,24.48,baja,baja
2020-10-02,24.0,23.98,baja,baja
2020-10-03,27.0,27.13,baja,baja
2020-10-04,27.0,27.68,baja,baja
2020-10-05,27.0,26.81,baja,baja
2020-10-06,27.0,27.66,baja,baja
2020-10-07,32.0,31.84,mediana,mediana
2020-10-08,31.0,30.76,mediana,mediana
2020-10-09,32.0,31.71,mediana,mediana
2020-10-10,30.0,30.29,baja,mediana
2020-10-11,34.0,33.47,mediana,mediana
2020-10-12,34.0,33.88,mediana,mediana
2020-10-13,37.0,36.56,alta,alta
2020-10-14,33.0,33.18,mediana,mediana
2020-10-15,32.0,32.91,mediana,mediana
2020-10-16,34.0,33.3,mediana,mediana
2020-10-17,29.0,29.72,baja,baja
2020-10-18,32.0,32.11,mediana,mediana
2020-10-19,36.0,35.48,alta,alta
2020-10-20,34.0,33.88,mediana,mediana
2020-10-21,30.0,30.37,baja,mediana
2020-10-22,36.0,35.19,alta,alta
2020-10-23,37.0,34.85,alta,alta
2020-10-24,32.0,32.34,mediana,mediana
2020-10-25,35.0,34.74,alta,alta
2020-10-26,31.0,32.91,mediana,mediana
2020-10-27,37.0,36.02,alta,alta
2020-10-28,35.0,35.18,alta,alta
2020-10-29,34.0,32.73,mediana,mediana
2020-10-30,36.0,35.57,alta,alta
2020-10-31,32.0,31.98,mediana,mediana
2020-11-01,35.0,33.43,alta,mediana
2020-11-02,35.0,35.44,alta,alta
2020-11-03,35.0,34.88,alta,alta
2020-11-04,37.0,35.38,alta,alta
2020-11-05,34.0,34.23,mediana,alta
2020-11-06,30.0,30.94,baja,mediana
2020-11-07,34.0,34.01,mediana,alta
2020-11-08,31.0,31.06,mediana,mediana
2020-11-09,27.0,26.86,baja,baja
2020-11-10,36.0,35.32,alta,alta
2020-11-11,22.0,22.95,baja,baja
2020-11-12,28.0,27.0,baja,baja
2020-11-13,27.0,27.27,baja,baja
2020-11-14,25.0,25.11,baja,baja
2020-11-15,26.0,26.04,baja,baja
2020-11-16,24.0,23.68,baja,baja
2020-11-17,28.0,27.05,baja,baja
2020-11-18,27.0,29.35,baja,baja
2020-11-19,28.0,28.76,baja,baja
2020-11-20,27.0,26.24,baja,baja
2020-11-21,32.0,31.79,mediana,mediana
2020-11-22,31.0,30.75,mediana,mediana
2020-11-23,32.0,31.65,mediana,mediana
2020-11-24,29.0,29.39,baja,baja
2020-11-25,34.0,33.66,mediana,mediana
2020-11-26,33.0,32.78,mediana,mediana
2020-11-27,37.0,36.01,alta,alta
2020-11-28,30.0,30.85,baja,mediana
2020-11-29,31.0,31.68,mediana,mediana
2020-11-30,34.0,33.08,mediana,mediana
2020-12-01,33.0,33.14,mediana,mediana
2020-12-02,32.0,31.31,mediana,mediana
2020-12-03,36.0,35.48,alta,alta
2020-12-04,33.0,32.94,mediana,mediana
2020-12-05,27.0,26.93,baja,baja
2020-12-06,34.0,34.19,mediana,alta
2020-12-07,36.0,35.91,alta,alta
2020-12-08,32.0,32.32,mediana,mediana
2020-12-09,36.0,35.6,alta,alta
2020-12-10,34.0,33.64,mediana,mediana
2020-12-11,35.0,34.53,alta,alta
2020-12-12,37.0,35.82,alta,alta
2020-12-13,32.0,33.02,mediana,mediana
2020-12-14,36.0,34.75,alta,alta
2020-12-15,32.0,32.47,mediana,mediana
2020-12-16,36.0,35.62,alta,alta
2020-12-17,32.0,33.31,mediana,mediana
2020-12-18,35.0,34.2,alta,alta
2020-12-19,38.0,37.38,alta,alta
2020-12-20,32.0,32.55,mediana,mediana
2020-12-21,32.0,33.18,mediana,mediana
2020-12-22,34.0,35.38,mediana,alta
2020-12-23,30.0,30.69,baja,mediana
2020-12-24,25.0,27.45,baja,baja
2020-12-25,33.0,32.59,mediana,mediana
2020-12-26,24.0,23.73,baja,baja
2020-12-27,28.0,25.14,baja,baja
2020-12-28,26.0,27.65,baja,baja
2020-12-29,24.0,24.46,baja,baja
2020-12-30,24.0,23.75,baja,baja
2020-12-31,24.0,25.35,baja,baja
